{"cameraMode":{"drawMode":0,"name":"Shaded","section":"Shading Mode"},"sceneLighting":true,"audioPlay":false,"sceneViewState":{"showFog":true,"showMaterialUpdate":false,"showSkybox":true,"showFlares":true,"showImageEffects":true,"showParticleSystems":true},"in2DMode":false,"pivot":{"x":-0.09000001847743988,"y":0.5,"z":-0.24000000953674317},"rotation":{"x":0.10938232392072678,"y":-0.1189832091331482,"z":0.013189046643674374,"w":0.9867647290229797},"size":2.8578836917877199,"orthographic":false}